Nome do Produto,Preço
Suplemento Em Pó Creatine Powder Turbo Creatina Em Pote De 300g De Alta Absorção Original Nutrition,69
Colchonete Exercícios Eva Muvin - Tapete 100cm X 50cm X 1cm Cor Azul,74
Creatina Masterway 100% Pura Suplemento Em Pó 150g,104
Suplemento em pó Black Skull  Creatine Turbo creatina Creatine Turbo sabor  uva em pote de 300g,77
Bandoleira Universal 2 Pontas Carabina Rifle Nylon Velcro Cor Preto,29
Suplemento Multivitamínico Multi All Nutrify 60 Cápsulas Sabor Sem Sabor,68
Coenzima Q10 120 Cápsulas 50Mg Bionutri Ubiquinol,26
Lanterna Led Tática P50 T9 B-max 2750000 Lumens Dura 4 Horas,47
Garrafa Dobrável Soft Flash Hupi - 500ml - Azul,79
Cronômetro De Mão Digital Profissional Relógio Progressivo,19
Suplemento em pó Black Skull  Creatine Turbo creatina Creatine Turbo sabor  limão em pote de 300g,39
Raquete De Beach Tennis Shark Predator L.e - 22mm Cor Verde,1.150
Coenzima Q10 60 Cápsulas - Ubiqsome Phytosome Sabor Sem Sabor,57
Suplemento em pó Black Skull  Creatine Turbo creatina Creatine Turbo sabor  laranja em pote de 300g,39
Colchonete Eva Tapete Yoga Academia Fitness Exercícios 20mm Cor Preto,51
Suplemento em pó ProFit Laboratórios  Creatine Monohydrate Power creatina monohidratada Creatine Monohydrate Power em sachê de 300g,36
Lanterna De Cabeça Led Recarregável Fita Ajustável Cob Usb Cor Da Luz Branco,35
Colchonete Exercícios Eva Muvin - Tapete 100cm X 50cm X 1cm Cor Azul,63
Dimpless® 40mg Autêntico Galena - 30 Cápsulas,98
Step Eva 60 X 28 X 10,69
Carabina De Pressão Rossi 4g 5.5mm Gás Ram Nitro + Kit,1.089
Torneira Cozinha Gourmet Misturador Ducha Duo Spray Preto,229
"Carabina Pressão Dione 4g Gásram 55kg Rossi Lançamento 5,5mm",1.479
"Rolo De Tnt 40g - 50 Metros 1,40 De Largura Cor Preto",62
Espingarda Carabina Rossi Nova Dione 4g Gas Ram 50kg Pressão,756
Chaveiro Rastreador Localizador Gps Tag Animais Objeto Mala Cor Sortida,18
Smartwatch Xiaomi Mi Band 8 Active Preto Black Versão Global Cor Da Caixa Branco Desenho Da Pulseira Silicone Sport,229
Balão Bexiga Liso Festa Decoração 9 Polegadas C/ 50 Und,20
Suplemento em pó Black Skull Creatine Turbo creatina em pote de 300g,34
"Tnt 60g - Rolo Com 50 Metros 1,40 De Largura",78
Tapete Higiênico Profissional 50 Unidades - 1ª Linha (80x60),78
Cuba Inox Gourmet 50 Cm Com Tábua  E Torneira Gourmet Munim Cor Prateado,646
Suporte Fixo Ultra Slim Para Tv Led Lcd Smart De 26 Ao 63,39
4 Fronhas Avulsas Malha Lisa 100% Algodão Macia C/zíper Branco,58
"Rolo De Tnt 40g - 50 Metros 1,40 De Largura Cor Azul Royal",58
Kit Alto Auto Falantes Bomber 6 Polegadas Triaxial Carro Som Cor Vermelho E Preto,78
4 Fronhas Avulsas 200 Fios Estampada Algodão Macia C/zíper Modelo 3,61
Palmilha De Gel Anatomica Confortável,23
Bolsa Canguru Ergonômico Bebê Mãe Premium 12 Posições 3 Em 1 Cor Azul-marinho,209
2 Capa Protetora Travesseiro Impermeável Hospitalar Branca Cor Branco Liso,27
Canudos Decorados Guarda-chuva Para Drinks 50 Unidades,19
Balança Portátil Digital De Mão Mala Bagagem Pesca Até 50 Kg,31
Step Eva 60 X 28 X 10,69
Cascata 400 Led 10m Natal Prova D´agua Quente Frio Colorido Cor Das Luzes Branco Frio 220v,102
Fone De Ouvido Bluetooth 5.0 Par Sem Fio Duplo Visor Carga Cor Preto Compatível Air Dots Redmi,35
Suporte Para Balão Bexiga Vareta Pega Balão - 33 Cm - 50 Und,27
Lactaid Original 120  Cáps - Original Importado Dos Eua 3000 Sabor Sem Sabor,150
Câmera Segurança Inteligente C/ Bateria 1080p Wifi Alexa,299
Cronômetro Digital De Mão - Corrida -  Alarme Hora Crossfit,27
Fone Bluetooth I12 Tws Touch V5.0  True Wireless Estéreo,24
Fisiogen Ferro Forte 30mg Com 30 Cápsulas ,136
4 Fronhas Avulsas 200 Fios Estampada Algodão Macia C/zíper Modelo 6,61
Meião Futebol Penalty Matis Original Promoção !,29
Chapéu Gato De Botas Adulto Ajustável Mosqueteiro C/ Pena,29
Lava Louças Qualitá Secante Abrilhantador 100ml,11
"Tatame Esteira Para Yoga Exercícios Físicos Preto 1,80m x 53cm x 10mm RDJ",54
Mochila escolar Denlex Juvenil MCJDL cor preto  design liso 25L,78
Tala Strap Musculação 100% Algodão Crossfit Cor Tala Strap Preto/azul,26
Mochila escolar Denlex Juvenil MCJDL cor cinza-escuro  design liso 25L,78
Bicicleta Ergométrica Spinning Academia Preta E Cinza Cor Preto/cinza,654
Suplemento em pó Masterway Suplementos  100% Puro Monohidrato de Creatina creatina Monohidrato de Creatina sabor  natural em pote de 300mL,156
Creatina Monohidratada 500g - 100% Pura Importada Sabor Natural,139
Fita Adesiva 45mm X 100metros - Kit C/10 Rolos,69
Kit Capa Encadernação Preta E Transparente A4 C/ 100 Unid,53
"Tatame Esteira Para Yoga Exercícios Físicos Azul 1,80m x 53cm x 10mm RDJ",54
"Colchonete Tapete Yoga Ginástica Pilates 1,80mx53cmx10mm Cor Rosa-claro",54
"Pneu Bicicleta Aro 26 Levorin Excess 26x1,95 Bike Mtb",42
Bomba De Ar Para Encher Pneu Moto Carro Bicicleta Boia 30cm Cor Azul,28
Creatina Masterway 100% Pura Suplemento Em Pó 150g,104
4 Fronhas Avulsas Malha Lisa 100% Algodão Macia C/zíper Branco,58
Balão Bexiga Liso Festa Decoração 9 Polegadas C/ 50 Und,20
5 Rolos Etiqueta 10x15 100x150 Couche Serrilha E-commerce Cor Branco,60
4x Controle Remoto Portão Alarme Copiador Clone Duplicador,79
5 Rolos Etiqueta 10x15 100x150 Térmica Zebra Elgin Ecommerce,78
Balança De Plataforma 40x30 150kg Super Bateria Cor Cinza,359
Capa Sofá Retrátil Reclinável Em Malha 2 Lugares Veste Fácil Cor Azul-marinho Liso,135
Jogo De Lençol King Size 4 Peças 200 Fios 100% Algodão Lindo Cor Palha,194
Pulseira Neon 100 Un Adereços Balada Fluorescente Festa Led,49
Fita Adesiva 45mm X 100metros - Kit C/10 Rolos,69
"Agulha HiPodérmica Descartável 13x0,30 30g Caixa C/100 Wilte",23
Capa Sofá Retrátil Reclinável Em Malha 2 Lugares Veste Fácil Cor Preto Liso,134
Máscara Do Pânico De Plástico Com Capuz,17
Kit 5 Plugs Adaptador De Tomada Bob Esponja 10a/20a 3/2pinos 110v/220v,29
Etiqueta Adesiva A4 Ca4389 98 X 139 100 Folhas 4 Por Folha Cor Branco,45
Edredom Solteiro Grosso Algodão 200 Fios Dupla Face Cor Cinza,113
"Agulhas Para Carboxiterapia E Ozonioterapia 13x0,30mm 100un Capacidade Em Volume 1 Cc",37
Pop-it Mini Gamer Console Anti Stress Eletrônico Atualizado Cor Ursinho,29
Capa Para Sofá Sem Braço Malha Moderna Estampa Geometrica Cor Marrom Geométrica,175
100 Bexigas - Balões Personalizadas Com Sua Logo Marca,129
Suplemento em cápsulas Muwiz  Maca Peruana maca Maca Peruana em pote 480 un  pacote x 4 u,145
Furadeira Parafusadeira 12v Bivolt C/maleta 2x Bateria + Cor Cinza,198
Faca De Serra Inox Grande Para Cortar Pão Bolo Serrilhada 7 Cor Preto,25
Papel De Seda 50x70 Branco Alvejado - 100 Folhas - Promoção!,27
Bobina Plástico Bolha 43cm X 100mts Alta Qualidade Proteção,28
Protetor De Colchão  Capa Impermeável Antialérgico Solteiro,75
Roupa Fantasia Moana Baby ,78
Magnesio L Treonato Puro 500mg 120cp Formula Avançada Ecomev Sabor Sem Sabor,40
"Fio Elétrico Cabo Flexível 2,5mm Rolo 100 Metros 100% Cobre. Cor Da Cobertura Azul",139
Refletor Led 100w Smd Prova D´água Ip66 Holofote 6500k ,62
30 Fita Adesiva  Transparente 48x100 Metros,184
Saia Box Casal De Malha Cor Branco,27
Canudos E Palitos  Decorados Guarda-chuva Drinks 100 Und ,29
"Bobina Plástico Bolha 1,00 X 100m Biodegradável Promoção",61
Câmera de segurança WiFI Smart Camera IPC-I100 IP Dual Camera com resolução de 1080p visão nocturna incluída branca/preta,219
Fone De Ouvido Sem Fio Tws Bluetooth 5.3 Pro  A'gold,49
Kit Capa Encadernação Preta E Transparente A4 C/ 100 Unid,53
Capa Para Cadeira Jantar 6 Unidades Super Reforçada Cor Avelã,78
100 Copos Descartável Neon Festa Balada 300ml Sortido Brilho,35
Bio Trimag 60 Cápsulas Puravida Bisciglinato Dimalato Taurat Sabor Sem Sabor,84
Suplemento em pó Probiótica  Pro Creatina Creapure aminoácidos Creatina Creapure em pote de 150g,97
Olympikus Treino Volcan Masculino Adultos,181
Creatina Masterway 100% Pura Suplemento Em Pó 150g,104
Punho De Partida Cb500 Universal Titan 160 Fan 160 150 Xre,69
Rebaixador Crosser + Descanso Curto 150 Xtz 150 Suspensão,169
Kit 20 Anel Para Guardanapo Argola Madeira Prendedor Luxo,17
Carburador Cg Titan 150 Completo Ks Es Esd Mod Original,103
Clown Allen Inox Kit Parafusos Motor Cg150 Titan 150 2003-16,140
Maquina De Cortar Cabelo E Barba Acabamento Recarregável Cor Dourado,21
Kit Cilindro Cg 150 Fan 150 Bros 150 Pistão Kmp Std,235
Arvore De Natal Grande Pinheiro Pinheirinho 150cm 220 Galhos Cor Verde,112
Alça Esportiva Alta Especial Fan Titan Start 150 160 Polimet,92
Lente Lanterna Traseira Dafra Apache 150 Farolete Freio,179
Calculadora Desktop Ultra-fino 12 Digitogrande Display Solar Cor Branco,22
Luva X11 Blackout Motoqueiro Moto Motociclista Proteção Full Cor Preto Tamanho G,109
Kit Transmissão Relação Nakata Cg Titan 150 2004 2005 2006,78
Bateria Moura 125/150cg/titan/biz/nxr/bros/fan/xre300 5ah,178
Avental Plástico Forrado Pvc Impermeável Epi Cozinha Lavagem Cor Transparente (vinil),17
"4 Pisca Seta Nxr Bros 150/160 Cg Titan Fan, Cbx,cb Xre",99
Amortecedor Central Bros 150 2009 2010 2011 Cofap Original,380
Kit Principia Anti-acne Gel De Limpeza + Sérum Mix-01 Tipo de pele Todos,103
Pop It Gamer Eletronico Antistress Mini Brinquedo Popet Urso Cor Bege,23
Luva X11 Blackout Motoqueiro Moto Motociclista Proteção Full Cor Preto Tamanho Gg,109
Luminaria Solar Externa Jardim Sensor De Presença Luz Led Cor Lampada Solar 100 Leds,28
Espelho Retrovisor Par Honda Cg Titan Fan Start 125 150 160,35
Par De Amortecedores Cofap Cg Titan 150 Fan 150 2004 A 2015,202
Pinhão 14 Dentes Fazer 150/ Factor 150 / Crosser 150,23
5 Rolos Etiqueta 10x15 100x150 Couche Serrilha E-commerce Cor Branco,60
Globo Bloco Óptico Do Farol Haojue Dk 150 + Nf,279
Bateria Moura Biz Bros Titan Fan Fazer 125 150 160 Flex Xre ,194
Bateria Moto Jupiter 5lbs Honda Fan 125/150 Titan Cg 125/150,107
Kit 5 Toalhas De Banho - Gigante - Banhão 80 X 150 + Brinde,139
Câmera Ré Automotiva Borboleta Infravermelho Visão Noturna,39
Rolamento Nachi + Retentor Roda Traseira Lander 250 Kit,100
Tampa Do Tanque Suzuki Gsr 150 Gsr150i Gsr150,189
Corte e Acabamento de Cabelo e Barba Stanley Máquina Maquininha Acabamento Cabelo A Mais Vendida Premium Maquina Acabamento Recarregável Detalhe Cabelo Barba Sem Fio  dragão 110V/220V,23
Kit Cilindro Motor Titan/fan/bross 150 Hamp Original Honda. ,411
"Engate Flexível Mangueira Chuveirinho Ducha Higiênica 1,50m Cor Cromado",20
Jogo De Ferramentas Bros 150 2004 A 2008 Original Honda,99
Balança De Plataforma 40x30 150kg Super Bateria Cor Cinza,359
Globo Bloco Óptico Do Farol Haojue Dk 150 Original + Nf,294
Caixa Amplificada Slim Subwoofer 8 Pol 120w Ts-1000 Tarponn Cor Preto,764
Chave Castelo Bomba Óleo Dupla Titan 125 Titan 150 20/24mm ,25
"Guidão Pro Tork Cromado Honda Cg 125, 150 Titan Mix, Ex, Fan",29
Mola Aérea Para Fechamento De Portas Automática Nove54 Prata,59
"Fundo Fotográfico Pinheiros E Neve De Natal 2,20 X 1,50 115 Cor Colorido",77
Kit Juntas Do Motor Cg Titan 150 2005 À 2015 Original Honda,38
Tampa Emergência Abertura Do Banco Adv 150 Original Honda,26
Ventilador De Parede Nvp-pro-50 Turbo 50cm Preto Mondial 220V,342
